Subject,Start Date,Start Time,End Date,End Time,All day event,Description,Show time as,Location
Rosh Chodesh Sh'vat,7/1/2019,,,,TRUE,Beginning of new Hebrew month of Sh'vat,3,Jewish Holidays
Tu BiShvat,21/1/2019,,,,TRUE,New Year for Trees,3,Jewish Holidays
Rosh Chodesh Adar I,5/2/2019,,,,TRUE,Beginning of new Hebrew month of Adar,3,Jewish Holidays
Rosh Chodesh Adar I,6/2/2019,,,,TRUE,Beginning of new Hebrew month of Adar,3,Jewish Holidays
Purim Katan,19/2/2019,,,,TRUE,Minor Purim celebration during Adar I on leap years,3,Jewish Holidays
Shabbat Shekalim,2/3/2019,,,,TRUE,Shabbat before Rosh Chodesh Adar,3,Jewish Holidays
Rosh Chodesh Adar II,7/3/2019,,,,TRUE,Beginning of new Hebrew month of Adar II (on leap years),3,Jewish Holidays
Rosh Chodesh Adar II,8/3/2019,,,,TRUE,Beginning of new Hebrew month of Adar II (on leap years),3,Jewish Holidays
Shabbat Zachor,16/3/2019,,,,TRUE,Shabbat before Purim,3,Jewish Holidays
Ta'anit Esther,20/3/2019,,,,TRUE,Fast of Esther,3,Jewish Holidays
Erev Purim,20/3/2019,,,,TRUE,Purim is one of the most joyous and fun holidays on the Jewish calendar,3,Jewish Holidays
Purim,21/3/2019,,,,TRUE,Purim is one of the most joyous and fun holidays on the Jewish calendar,3,Jewish Holidays
Shushan Purim,22/3/2019,,,,TRUE,Purim celebrated in Jerusalem and walled cities,3,Jewish Holidays
Shabbat Parah,30/3/2019,,,,TRUE,Shabbat of the Red Heifer,3,Jewish Holidays
Rosh Chodesh Nisan,6/4/2019,,,,TRUE,Beginning of new Hebrew month of Nisan,3,Jewish Holidays
Shabbat HaChodesh,6/4/2019,,,,TRUE,Shabbat before Rosh Chodesh Nissan,3,Jewish Holidays
Shabbat HaGadol,13/4/2019,,,,TRUE,Shabbat before Pesach,3,Jewish Holidays
Ta'anit Bechorot,19/4/2019,,,,TRUE,Fast of the First Born,3,Jewish Holidays
Erev Pesach,19/4/2019,,,,TRUE,Passover; the Feast of Unleavened Bread,3,Jewish Holidays
Pesach I,20/4/2019,,,,TRUE,Passover; the Feast of Unleavened Bread,4,Jewish Holidays
Pesach II,21/4/2019,,,,TRUE,Passover; the Feast of Unleavened Bread,4,Jewish Holidays
Pesach III (CH''M),22/4/2019,,,,TRUE,Passover; the Feast of Unleavened Bread,3,Jewish Holidays
Pesach IV (CH''M),23/4/2019,,,,TRUE,Passover; the Feast of Unleavened Bread,3,Jewish Holidays
Pesach V (CH''M),24/4/2019,,,,TRUE,Passover; the Feast of Unleavened Bread,3,Jewish Holidays
Pesach VI (CH''M),25/4/2019,,,,TRUE,Passover; the Feast of Unleavened Bread,3,Jewish Holidays
Pesach VII,26/4/2019,,,,TRUE,Passover; the Feast of Unleavened Bread,4,Jewish Holidays
Pesach VIII,27/4/2019,,,,TRUE,Passover; the Feast of Unleavened Bread,4,Jewish Holidays
Yom HaShoah,2/5/2019,,,,TRUE,Holocaust Memorial Day,3,Jewish Holidays
Rosh Chodesh Iyyar,5/5/2019,,,,TRUE,Beginning of new Hebrew month of Iyyar,3,Jewish Holidays
Rosh Chodesh Iyyar,6/5/2019,,,,TRUE,Beginning of new Hebrew month of Iyyar,3,Jewish Holidays
Yom HaZikaron,8/5/2019,,,,TRUE,Israeli Memorial Day,3,Jewish Holidays
Yom HaAtzma'ut,9/5/2019,,,,TRUE,Israeli Independence Day,3,Jewish Holidays
Pesach Sheni,19/5/2019,,,,TRUE,Second Passover; one month after Passover,3,Jewish Holidays
Lag BaOmer,23/5/2019,,,,TRUE,33rd day of counting the Omer,3,Jewish Holidays
Yom Yerushalayim,2/6/2019,,,,TRUE,Jerusalem Day,3,Jewish Holidays
Rosh Chodesh Sivan,4/6/2019,,,,TRUE,Beginning of new Hebrew month of Sivan,3,Jewish Holidays
Erev Shavuot,8/6/2019,,,,TRUE,Festival of Weeks; commemorates the giving of the Torah at Mount Sinai,3,Jewish Holidays
Shavuot I,9/6/2019,,,,TRUE,Festival of Weeks; commemorates the giving of the Torah at Mount Sinai,4,Jewish Holidays
Shavuot II,10/6/2019,,,,TRUE,Festival of Weeks; commemorates the giving of the Torah at Mount Sinai,4,Jewish Holidays
Rosh Chodesh Tamuz,3/7/2019,,,,TRUE,Beginning of new Hebrew month of Tamuz,3,Jewish Holidays
Rosh Chodesh Tamuz,4/7/2019,,,,TRUE,Beginning of new Hebrew month of Tamuz,3,Jewish Holidays
Tzom Tammuz,21/7/2019,,,,TRUE,Fast commemorating breaching of the walls of Jerusalem before the destruction of the Second Temple,3,Jewish Holidays
Rosh Chodesh Av,2/8/2019,,,,TRUE,Beginning of new Hebrew month of Av,3,Jewish Holidays
Shabbat Chazon,10/8/2019,,,,TRUE,Shabbat before Tish'a B'Av (Shabbat of Prophecy/Shabbat of Vision),3,Jewish Holidays
Erev Tish'a B'Av,10/8/2019,,,,TRUE,The Ninth of Av; fast commemorating the destruction of the two Temples,3,Jewish Holidays
Tish'a B'Av,11/8/2019,,,,TRUE,The Ninth of Av; fast commemorating the destruction of the two Temples,3,Jewish Holidays
Tu B'Av,16/8/2019,,,,TRUE,Jewish holiday of love; similar to Valentine's Day,3,Jewish Holidays
Shabbat Nachamu,17/8/2019,,,,TRUE,Shabbat after Tish'a B'Av (Shabbat of Consolation),3,Jewish Holidays
Rosh Chodesh Elul,31/8/2019,,,,TRUE,Beginning of new Hebrew month of Elul,3,Jewish Holidays
Rosh Chodesh Elul,1/9/2019,,,,TRUE,Beginning of new Hebrew month of Elul,3,Jewish Holidays
Leil Selichot,21/9/2019,,,,TRUE,Prayers for forgiveness in preparation for the High Holidays,3,Jewish Holidays
Erev Rosh Hashana,29/9/2019,,,,TRUE,The Jewish New Year,3,Jewish Holidays
Rosh Hashana 5780,30/9/2019,,,,TRUE,The Jewish New Year,4,Jewish Holidays
Rosh Hashana II,1/10/2019,,,,TRUE,The Jewish New Year,4,Jewish Holidays
Tzom Gedaliah,2/10/2019,,,,TRUE,Fast of the Seventh Month; commemorates the assassination of the Jewish governor of Judah,3,Jewish Holidays
Shabbat Shuva,5/10/2019,,,,TRUE,Shabbat that falls between Rosh Hashanah and Yom Kippur (Shabbat of Returning),3,Jewish Holidays
Erev Yom Kippur,8/10/2019,,,,TRUE,Day of Atonement,3,Jewish Holidays
Yom Kippur,9/10/2019,,,,TRUE,Day of Atonement,4,Jewish Holidays
Erev Sukkot,13/10/2019,,,,TRUE,Feast of Tabernacles,3,Jewish Holidays
Sukkot I,14/10/2019,,,,TRUE,Feast of Tabernacles,4,Jewish Holidays
Sukkot II,15/10/2019,,,,TRUE,Feast of Tabernacles,4,Jewish Holidays
Sukkot III (CH''M),16/10/2019,,,,TRUE,Feast of Tabernacles,3,Jewish Holidays
Sukkot IV (CH''M),17/10/2019,,,,TRUE,Feast of Tabernacles,3,Jewish Holidays
Sukkot V (CH''M),18/10/2019,,,,TRUE,Feast of Tabernacles,3,Jewish Holidays
Sukkot VI (CH''M),19/10/2019,,,,TRUE,Feast of Tabernacles,3,Jewish Holidays
Sukkot VII (Hoshana Raba),20/10/2019,,,,TRUE,Feast of Tabernacles,3,Jewish Holidays
Shmini Atzeret,21/10/2019,,,,TRUE,Eighth Day of Assembly,4,Jewish Holidays
Simchat Torah,22/10/2019,,,,TRUE,Day of Celebrating the Torah,4,Jewish Holidays
Rosh Chodesh Cheshvan,29/10/2019,,,,TRUE,Beginning of new Hebrew month of Cheshvan,3,Jewish Holidays
Rosh Chodesh Cheshvan,30/10/2019,,,,TRUE,Beginning of new Hebrew month of Cheshvan,3,Jewish Holidays
Yom HaAliyah,5/11/2019,,,,TRUE,Recognizes Aliyah; immigration to the Jewish State of Israel,3,Jewish Holidays
Sigd,27/11/2019,,,,TRUE,Ethiopian Jewish holiday occurring 50 days after Yom Kippur,3,Jewish Holidays
Rosh Chodesh Kislev,28/11/2019,,,,TRUE,Beginning of new Hebrew month of Kislev,3,Jewish Holidays
Rosh Chodesh Kislev,29/11/2019,,,,TRUE,Beginning of new Hebrew month of Kislev,3,Jewish Holidays
Chanukah: 1 Candle,22/12/2019,,,,TRUE,The Jewish festival of rededication; also known as the Festival of Lights,3,Jewish Holidays
Chanukah: 2 Candles,23/12/2019,,,,TRUE,The Jewish festival of rededication; also known as the Festival of Lights,3,Jewish Holidays
Chanukah: 3 Candles,24/12/2019,,,,TRUE,The Jewish festival of rededication; also known as the Festival of Lights,3,Jewish Holidays
Chanukah: 4 Candles,25/12/2019,,,,TRUE,The Jewish festival of rededication; also known as the Festival of Lights,3,Jewish Holidays
Chanukah: 5 Candles,26/12/2019,,,,TRUE,The Jewish festival of rededication; also known as the Festival of Lights,3,Jewish Holidays
Chanukah: 6 Candles,27/12/2019,,,,TRUE,The Jewish festival of rededication; also known as the Festival of Lights,3,Jewish Holidays
Rosh Chodesh Tevet,28/12/2019,,,,TRUE,Beginning of new Hebrew month of Tevet,3,Jewish Holidays
Chanukah: 7 Candles,28/12/2019,,,,TRUE,The Jewish festival of rededication; also known as the Festival of Lights,3,Jewish Holidays
Rosh Chodesh Tevet,29/12/2019,,,,TRUE,Beginning of new Hebrew month of Tevet,3,Jewish Holidays
Chanukah: 8 Candles,29/12/2019,,,,TRUE,The Jewish festival of rededication; also known as the Festival of Lights,3,Jewish Holidays
Chanukah: 8th Day,30/12/2019,,,,TRUE,The Jewish festival of rededication; also known as the Festival of Lights,3,Jewish Holidays
Asara B'Tevet,7/1/2020,,,,TRUE,Fast commemorating the siege of Jerusalem,3,Jewish Holidays
Rosh Chodesh Sh'vat,27/1/2020,,,,TRUE,Beginning of new Hebrew month of Sh'vat,3,Jewish Holidays
Tu BiShvat,10/2/2020,,,,TRUE,New Year for Trees,3,Jewish Holidays
Shabbat Shekalim,22/2/2020,,,,TRUE,Shabbat before Rosh Chodesh Adar,3,Jewish Holidays
Rosh Chodesh Adar,25/2/2020,,,,TRUE,Beginning of new Hebrew month of Adar,3,Jewish Holidays
Rosh Chodesh Adar,26/2/2020,,,,TRUE,Beginning of new Hebrew month of Adar,3,Jewish Holidays
Shabbat Zachor,7/3/2020,,,,TRUE,Shabbat before Purim,3,Jewish Holidays
Ta'anit Esther,9/3/2020,,,,TRUE,Fast of Esther,3,Jewish Holidays
Erev Purim,9/3/2020,,,,TRUE,Purim is one of the most joyous and fun holidays on the Jewish calendar,3,Jewish Holidays
Purim,10/3/2020,,,,TRUE,Purim is one of the most joyous and fun holidays on the Jewish calendar,3,Jewish Holidays
Shushan Purim,11/3/2020,,,,TRUE,Purim celebrated in Jerusalem and walled cities,3,Jewish Holidays
Shabbat Parah,14/3/2020,,,,TRUE,Shabbat of the Red Heifer,3,Jewish Holidays
Shabbat HaChodesh,21/3/2020,,,,TRUE,Shabbat before Rosh Chodesh Nissan,3,Jewish Holidays
Rosh Chodesh Nisan,26/3/2020,,,,TRUE,Beginning of new Hebrew month of Nisan,3,Jewish Holidays
Shabbat HaGadol,4/4/2020,,,,TRUE,Shabbat before Pesach,3,Jewish Holidays
Ta'anit Bechorot,8/4/2020,,,,TRUE,Fast of the First Born,3,Jewish Holidays
Erev Pesach,8/4/2020,,,,TRUE,Passover; the Feast of Unleavened Bread,3,Jewish Holidays
Pesach I,9/4/2020,,,,TRUE,Passover; the Feast of Unleavened Bread,4,Jewish Holidays
Pesach II,10/4/2020,,,,TRUE,Passover; the Feast of Unleavened Bread,4,Jewish Holidays
Pesach III (CH''M),11/4/2020,,,,TRUE,Passover; the Feast of Unleavened Bread,3,Jewish Holidays
Pesach IV (CH''M),12/4/2020,,,,TRUE,Passover; the Feast of Unleavened Bread,3,Jewish Holidays
Pesach V (CH''M),13/4/2020,,,,TRUE,Passover; the Feast of Unleavened Bread,3,Jewish Holidays
Pesach VI (CH''M),14/4/2020,,,,TRUE,Passover; the Feast of Unleavened Bread,3,Jewish Holidays
Pesach VII,15/4/2020,,,,TRUE,Passover; the Feast of Unleavened Bread,4,Jewish Holidays
Pesach VIII,16/4/2020,,,,TRUE,Passover; the Feast of Unleavened Bread,4,Jewish Holidays
Yom HaShoah,21/4/2020,,,,TRUE,Holocaust Memorial Day,3,Jewish Holidays
Rosh Chodesh Iyyar,24/4/2020,,,,TRUE,Beginning of new Hebrew month of Iyyar,3,Jewish Holidays
Rosh Chodesh Iyyar,25/4/2020,,,,TRUE,Beginning of new Hebrew month of Iyyar,3,Jewish Holidays
Yom HaZikaron,28/4/2020,,,,TRUE,Israeli Memorial Day,3,Jewish Holidays
Yom HaAtzma'ut,29/4/2020,,,,TRUE,Israeli Independence Day,3,Jewish Holidays
Pesach Sheni,8/5/2020,,,,TRUE,Second Passover; one month after Passover,3,Jewish Holidays
Lag BaOmer,12/5/2020,,,,TRUE,33rd day of counting the Omer,3,Jewish Holidays
Yom Yerushalayim,22/5/2020,,,,TRUE,Jerusalem Day,3,Jewish Holidays
Rosh Chodesh Sivan,24/5/2020,,,,TRUE,Beginning of new Hebrew month of Sivan,3,Jewish Holidays
Erev Shavuot,28/5/2020,,,,TRUE,Festival of Weeks; commemorates the giving of the Torah at Mount Sinai,3,Jewish Holidays
Shavuot I,29/5/2020,,,,TRUE,Festival of Weeks; commemorates the giving of the Torah at Mount Sinai,4,Jewish Holidays
Shavuot II,30/5/2020,,,,TRUE,Festival of Weeks; commemorates the giving of the Torah at Mount Sinai,4,Jewish Holidays
Rosh Chodesh Tamuz,22/6/2020,,,,TRUE,Beginning of new Hebrew month of Tamuz,3,Jewish Holidays
Rosh Chodesh Tamuz,23/6/2020,,,,TRUE,Beginning of new Hebrew month of Tamuz,3,Jewish Holidays
Tzom Tammuz,9/7/2020,,,,TRUE,Fast commemorating breaching of the walls of Jerusalem before the destruction of the Second Temple,3,Jewish Holidays
Rosh Chodesh Av,22/7/2020,,,,TRUE,Beginning of new Hebrew month of Av,3,Jewish Holidays
Shabbat Chazon,25/7/2020,,,,TRUE,Shabbat before Tish'a B'Av (Shabbat of Prophecy/Shabbat of Vision),3,Jewish Holidays
Erev Tish'a B'Av,29/7/2020,,,,TRUE,The Ninth of Av; fast commemorating the destruction of the two Temples,3,Jewish Holidays
Tish'a B'Av,30/7/2020,,,,TRUE,The Ninth of Av; fast commemorating the destruction of the two Temples,3,Jewish Holidays
Shabbat Nachamu,1/8/2020,,,,TRUE,Shabbat after Tish'a B'Av (Shabbat of Consolation),3,Jewish Holidays
Tu B'Av,5/8/2020,,,,TRUE,Jewish holiday of love; similar to Valentine's Day,3,Jewish Holidays
Rosh Chodesh Elul,20/8/2020,,,,TRUE,Beginning of new Hebrew month of Elul,3,Jewish Holidays
Rosh Chodesh Elul,21/8/2020,,,,TRUE,Beginning of new Hebrew month of Elul,3,Jewish Holidays
Leil Selichot,12/9/2020,,,,TRUE,Prayers for forgiveness in preparation for the High Holidays,3,Jewish Holidays
Erev Rosh Hashana,18/9/2020,,,,TRUE,The Jewish New Year,3,Jewish Holidays
Rosh Hashana 5781,19/9/2020,,,,TRUE,The Jewish New Year,4,Jewish Holidays
Rosh Hashana II,20/9/2020,,,,TRUE,The Jewish New Year,4,Jewish Holidays
Tzom Gedaliah,21/9/2020,,,,TRUE,Fast of the Seventh Month; commemorates the assassination of the Jewish governor of Judah,3,Jewish Holidays
Shabbat Shuva,26/9/2020,,,,TRUE,Shabbat that falls between Rosh Hashanah and Yom Kippur (Shabbat of Returning),3,Jewish Holidays
Erev Yom Kippur,27/9/2020,,,,TRUE,Day of Atonement,3,Jewish Holidays
Yom Kippur,28/9/2020,,,,TRUE,Day of Atonement,4,Jewish Holidays
Erev Sukkot,2/10/2020,,,,TRUE,Feast of Tabernacles,3,Jewish Holidays
Sukkot I,3/10/2020,,,,TRUE,Feast of Tabernacles,4,Jewish Holidays
Sukkot II,4/10/2020,,,,TRUE,Feast of Tabernacles,4,Jewish Holidays
Sukkot III (CH''M),5/10/2020,,,,TRUE,Feast of Tabernacles,3,Jewish Holidays
Sukkot IV (CH''M),6/10/2020,,,,TRUE,Feast of Tabernacles,3,Jewish Holidays
Sukkot V (CH''M),7/10/2020,,,,TRUE,Feast of Tabernacles,3,Jewish Holidays
Sukkot VI (CH''M),8/10/2020,,,,TRUE,Feast of Tabernacles,3,Jewish Holidays
Sukkot VII (Hoshana Raba),9/10/2020,,,,TRUE,Feast of Tabernacles,3,Jewish Holidays
Shmini Atzeret,10/10/2020,,,,TRUE,Eighth Day of Assembly,4,Jewish Holidays
Simchat Torah,11/10/2020,,,,TRUE,Day of Celebrating the Torah,4,Jewish Holidays
Rosh Chodesh Cheshvan,18/10/2020,,,,TRUE,Beginning of new Hebrew month of Cheshvan,3,Jewish Holidays
Rosh Chodesh Cheshvan,19/10/2020,,,,TRUE,Beginning of new Hebrew month of Cheshvan,3,Jewish Holidays
Yom HaAliyah,25/10/2020,,,,TRUE,Recognizes Aliyah; immigration to the Jewish State of Israel,3,Jewish Holidays
Sigd,16/11/2020,,,,TRUE,Ethiopian Jewish holiday occurring 50 days after Yom Kippur,3,Jewish Holidays
Rosh Chodesh Kislev,17/11/2020,,,,TRUE,Beginning of new Hebrew month of Kislev,3,Jewish Holidays
Chanukah: 1 Candle,10/12/2020,,,,TRUE,The Jewish festival of rededication; also known as the Festival of Lights,3,Jewish Holidays
Chanukah: 2 Candles,11/12/2020,,,,TRUE,The Jewish festival of rededication; also known as the Festival of Lights,3,Jewish Holidays
Chanukah: 3 Candles,12/12/2020,,,,TRUE,The Jewish festival of rededication; also known as the Festival of Lights,3,Jewish Holidays
Chanukah: 4 Candles,13/12/2020,,,,TRUE,The Jewish festival of rededication; also known as the Festival of Lights,3,Jewish Holidays
Chanukah: 5 Candles,14/12/2020,,,,TRUE,The Jewish festival of rededication; also known as the Festival of Lights,3,Jewish Holidays
Chanukah: 6 Candles,15/12/2020,,,,TRUE,The Jewish festival of rededication; also known as the Festival of Lights,3,Jewish Holidays
Rosh Chodesh Tevet,16/12/2020,,,,TRUE,Beginning of new Hebrew month of Tevet,3,Jewish Holidays
Chanukah: 7 Candles,16/12/2020,,,,TRUE,The Jewish festival of rededication; also known as the Festival of Lights,3,Jewish Holidays
Chanukah: 8 Candles,17/12/2020,,,,TRUE,The Jewish festival of rededication; also known as the Festival of Lights,3,Jewish Holidays
Chanukah: 8th Day,18/12/2020,,,,TRUE,The Jewish festival of rededication; also known as the Festival of Lights,3,Jewish Holidays
Asara B'Tevet,25/12/2020,,,,TRUE,Fast commemorating the siege of Jerusalem,3,Jewish Holidays
Rosh Chodesh Sh'vat,14/1/2021,,,,TRUE,Beginning of new Hebrew month of Sh'vat,3,Jewish Holidays
Tu BiShvat,28/1/2021,,,,TRUE,New Year for Trees,3,Jewish Holidays
Rosh Chodesh Adar,12/2/2021,,,,TRUE,Beginning of new Hebrew month of Adar,3,Jewish Holidays
Rosh Chodesh Adar,13/2/2021,,,,TRUE,Beginning of new Hebrew month of Adar,3,Jewish Holidays
Shabbat Shekalim,13/2/2021,,,,TRUE,Shabbat before Rosh Chodesh Adar,3,Jewish Holidays
Shabbat Zachor,20/2/2021,,,,TRUE,Shabbat before Purim,3,Jewish Holidays
Ta'anit Esther,25/2/2021,,,,TRUE,Fast of Esther,3,Jewish Holidays
Erev Purim,25/2/2021,,,,TRUE,Purim is one of the most joyous and fun holidays on the Jewish calendar,3,Jewish Holidays
Purim,26/2/2021,,,,TRUE,Purim is one of the most joyous and fun holidays on the Jewish calendar,3,Jewish Holidays
Shushan Purim,28/2/2021,,,,TRUE,Purim celebrated in Jerusalem and walled cities,3,Jewish Holidays
Shabbat Parah,6/3/2021,,,,TRUE,Shabbat of the Red Heifer,3,Jewish Holidays
Shabbat HaChodesh,13/3/2021,,,,TRUE,Shabbat before Rosh Chodesh Nissan,3,Jewish Holidays
Rosh Chodesh Nisan,14/3/2021,,,,TRUE,Beginning of new Hebrew month of Nisan,3,Jewish Holidays
Ta'anit Bechorot,25/3/2021,,,,TRUE,Fast of the First Born,3,Jewish Holidays
Shabbat HaGadol,27/3/2021,,,,TRUE,Shabbat before Pesach,3,Jewish Holidays
Erev Pesach,27/3/2021,,,,TRUE,Passover; the Feast of Unleavened Bread,3,Jewish Holidays
Pesach I,28/3/2021,,,,TRUE,Passover; the Feast of Unleavened Bread,4,Jewish Holidays
Pesach II,29/3/2021,,,,TRUE,Passover; the Feast of Unleavened Bread,4,Jewish Holidays
Pesach III (CH''M),30/3/2021,,,,TRUE,Passover; the Feast of Unleavened Bread,3,Jewish Holidays
Pesach IV (CH''M),31/3/2021,,,,TRUE,Passover; the Feast of Unleavened Bread,3,Jewish Holidays
Pesach V (CH''M),1/4/2021,,,,TRUE,Passover; the Feast of Unleavened Bread,3,Jewish Holidays
Pesach VI (CH''M),2/4/2021,,,,TRUE,Passover; the Feast of Unleavened Bread,3,Jewish Holidays
Pesach VII,3/4/2021,,,,TRUE,Passover; the Feast of Unleavened Bread,4,Jewish Holidays
Pesach VIII,4/4/2021,,,,TRUE,Passover; the Feast of Unleavened Bread,4,Jewish Holidays
Yom HaShoah,8/4/2021,,,,TRUE,Holocaust Memorial Day,3,Jewish Holidays
Rosh Chodesh Iyyar,12/4/2021,,,,TRUE,Beginning of new Hebrew month of Iyyar,3,Jewish Holidays
Rosh Chodesh Iyyar,13/4/2021,,,,TRUE,Beginning of new Hebrew month of Iyyar,3,Jewish Holidays
Yom HaZikaron,14/4/2021,,,,TRUE,Israeli Memorial Day,3,Jewish Holidays
Yom HaAtzma'ut,15/4/2021,,,,TRUE,Israeli Independence Day,3,Jewish Holidays
Pesach Sheni,26/4/2021,,,,TRUE,Second Passover; one month after Passover,3,Jewish Holidays
Lag BaOmer,30/4/2021,,,,TRUE,33rd day of counting the Omer,3,Jewish Holidays
Yom Yerushalayim,10/5/2021,,,,TRUE,Jerusalem Day,3,Jewish Holidays
Rosh Chodesh Sivan,12/5/2021,,,,TRUE,Beginning of new Hebrew month of Sivan,3,Jewish Holidays
Erev Shavuot,16/5/2021,,,,TRUE,Festival of Weeks; commemorates the giving of the Torah at Mount Sinai,3,Jewish Holidays
Shavuot I,17/5/2021,,,,TRUE,Festival of Weeks; commemorates the giving of the Torah at Mount Sinai,4,Jewish Holidays
Shavuot II,18/5/2021,,,,TRUE,Festival of Weeks; commemorates the giving of the Torah at Mount Sinai,4,Jewish Holidays
Rosh Chodesh Tamuz,10/6/2021,,,,TRUE,Beginning of new Hebrew month of Tamuz,3,Jewish Holidays
Rosh Chodesh Tamuz,11/6/2021,,,,TRUE,Beginning of new Hebrew month of Tamuz,3,Jewish Holidays
Tzom Tammuz,27/6/2021,,,,TRUE,Fast commemorating breaching of the walls of Jerusalem before the destruction of the Second Temple,3,Jewish Holidays
Rosh Chodesh Av,10/7/2021,,,,TRUE,Beginning of new Hebrew month of Av,3,Jewish Holidays
Shabbat Chazon,17/7/2021,,,,TRUE,Shabbat before Tish'a B'Av (Shabbat of Prophecy/Shabbat of Vision),3,Jewish Holidays
Erev Tish'a B'Av,17/7/2021,,,,TRUE,The Ninth of Av; fast commemorating the destruction of the two Temples,3,Jewish Holidays
Tish'a B'Av,18/7/2021,,,,TRUE,The Ninth of Av; fast commemorating the destruction of the two Temples,3,Jewish Holidays
Shabbat Nachamu,24/7/2021,,,,TRUE,Shabbat after Tish'a B'Av (Shabbat of Consolation),3,Jewish Holidays
Tu B'Av,24/7/2021,,,,TRUE,Jewish holiday of love; similar to Valentine's Day,3,Jewish Holidays
Rosh Chodesh Elul,8/8/2021,,,,TRUE,Beginning of new Hebrew month of Elul,3,Jewish Holidays
Rosh Chodesh Elul,9/8/2021,,,,TRUE,Beginning of new Hebrew month of Elul,3,Jewish Holidays
Leil Selichot,28/8/2021,,,,TRUE,Prayers for forgiveness in preparation for the High Holidays,3,Jewish Holidays
Erev Rosh Hashana,6/9/2021,,,,TRUE,The Jewish New Year,3,Jewish Holidays
Rosh Hashana 5782,7/9/2021,,,,TRUE,The Jewish New Year,4,Jewish Holidays
Rosh Hashana II,8/9/2021,,,,TRUE,The Jewish New Year,4,Jewish Holidays
Tzom Gedaliah,9/9/2021,,,,TRUE,Fast of the Seventh Month; commemorates the assassination of the Jewish governor of Judah,3,Jewish Holidays
Shabbat Shuva,11/9/2021,,,,TRUE,Shabbat that falls between Rosh Hashanah and Yom Kippur (Shabbat of Returning),3,Jewish Holidays
Erev Yom Kippur,15/9/2021,,,,TRUE,Day of Atonement,3,Jewish Holidays
Yom Kippur,16/9/2021,,,,TRUE,Day of Atonement,4,Jewish Holidays
Erev Sukkot,20/9/2021,,,,TRUE,Feast of Tabernacles,3,Jewish Holidays
Sukkot I,21/9/2021,,,,TRUE,Feast of Tabernacles,4,Jewish Holidays
Sukkot II,22/9/2021,,,,TRUE,Feast of Tabernacles,4,Jewish Holidays
Sukkot III (CH''M),23/9/2021,,,,TRUE,Feast of Tabernacles,3,Jewish Holidays
Sukkot IV (CH''M),24/9/2021,,,,TRUE,Feast of Tabernacles,3,Jewish Holidays
Sukkot V (CH''M),25/9/2021,,,,TRUE,Feast of Tabernacles,3,Jewish Holidays
Sukkot VI (CH''M),26/9/2021,,,,TRUE,Feast of Tabernacles,3,Jewish Holidays
Sukkot VII (Hoshana Raba),27/9/2021,,,,TRUE,Feast of Tabernacles,3,Jewish Holidays
Shmini Atzeret,28/9/2021,,,,TRUE,Eighth Day of Assembly,4,Jewish Holidays
Simchat Torah,29/9/2021,,,,TRUE,Day of Celebrating the Torah,4,Jewish Holidays
Rosh Chodesh Cheshvan,6/10/2021,,,,TRUE,Beginning of new Hebrew month of Cheshvan,3,Jewish Holidays
Rosh Chodesh Cheshvan,7/10/2021,,,,TRUE,Beginning of new Hebrew month of Cheshvan,3,Jewish Holidays
Yom HaAliyah,13/10/2021,,,,TRUE,Recognizes Aliyah; immigration to the Jewish State of Israel,3,Jewish Holidays
Sigd,4/11/2021,,,,TRUE,Ethiopian Jewish holiday occurring 50 days after Yom Kippur,3,Jewish Holidays
Rosh Chodesh Kislev,5/11/2021,,,,TRUE,Beginning of new Hebrew month of Kislev,3,Jewish Holidays
Chanukah: 1 Candle,28/11/2021,,,,TRUE,The Jewish festival of rededication; also known as the Festival of Lights,3,Jewish Holidays
Chanukah: 2 Candles,29/11/2021,,,,TRUE,The Jewish festival of rededication; also known as the Festival of Lights,3,Jewish Holidays
Chanukah: 3 Candles,30/11/2021,,,,TRUE,The Jewish festival of rededication; also known as the Festival of Lights,3,Jewish Holidays
Chanukah: 4 Candles,1/12/2021,,,,TRUE,The Jewish festival of rededication; also known as the Festival of Lights,3,Jewish Holidays
Chanukah: 5 Candles,2/12/2021,,,,TRUE,The Jewish festival of rededication; also known as the Festival of Lights,3,Jewish Holidays
Chanukah: 6 Candles,3/12/2021,,,,TRUE,The Jewish festival of rededication; also known as the Festival of Lights,3,Jewish Holidays
Rosh Chodesh Tevet,4/12/2021,,,,TRUE,Beginning of new Hebrew month of Tevet,3,Jewish Holidays
Chanukah: 7 Candles,4/12/2021,,,,TRUE,The Jewish festival of rededication; also known as the Festival of Lights,3,Jewish Holidays
Rosh Chodesh Tevet,5/12/2021,,,,TRUE,Beginning of new Hebrew month of Tevet,3,Jewish Holidays
Chanukah: 8 Candles,5/12/2021,,,,TRUE,The Jewish festival of rededication; also known as the Festival of Lights,3,Jewish Holidays
Chanukah: 8th Day,6/12/2021,,,,TRUE,The Jewish festival of rededication; also known as the Festival of Lights,3,Jewish Holidays
Asara B'Tevet,14/12/2021,,,,TRUE,Fast commemorating the siege of Jerusalem,3,Jewish Holidays
Rosh Chodesh Sh'vat,3/1/2022,,,,TRUE,Beginning of new Hebrew month of Sh'vat,3,Jewish Holidays
Tu BiShvat,17/1/2022,,,,TRUE,New Year for Trees,3,Jewish Holidays
Rosh Chodesh Adar I,1/2/2022,,,,TRUE,Beginning of new Hebrew month of Adar,3,Jewish Holidays
Rosh Chodesh Adar I,2/2/2022,,,,TRUE,Beginning of new Hebrew month of Adar,3,Jewish Holidays
Purim Katan,15/2/2022,,,,TRUE,Minor Purim celebration during Adar I on leap years,3,Jewish Holidays
Shabbat Shekalim,26/2/2022,,,,TRUE,Shabbat before Rosh Chodesh Adar,3,Jewish Holidays
Rosh Chodesh Adar II,3/3/2022,,,,TRUE,Beginning of new Hebrew month of Adar II (on leap years),3,Jewish Holidays
Rosh Chodesh Adar II,4/3/2022,,,,TRUE,Beginning of new Hebrew month of Adar II (on leap years),3,Jewish Holidays
Shabbat Zachor,12/3/2022,,,,TRUE,Shabbat before Purim,3,Jewish Holidays
Ta'anit Esther,16/3/2022,,,,TRUE,Fast of Esther,3,Jewish Holidays
Erev Purim,16/3/2022,,,,TRUE,Purim is one of the most joyous and fun holidays on the Jewish calendar,3,Jewish Holidays
Purim,17/3/2022,,,,TRUE,Purim is one of the most joyous and fun holidays on the Jewish calendar,3,Jewish Holidays
Shushan Purim,18/3/2022,,,,TRUE,Purim celebrated in Jerusalem and walled cities,3,Jewish Holidays
Shabbat Parah,26/3/2022,,,,TRUE,Shabbat of the Red Heifer,3,Jewish Holidays
Rosh Chodesh Nisan,2/4/2022,,,,TRUE,Beginning of new Hebrew month of Nisan,3,Jewish Holidays
Shabbat HaChodesh,2/4/2022,,,,TRUE,Shabbat before Rosh Chodesh Nissan,3,Jewish Holidays
Shabbat HaGadol,9/4/2022,,,,TRUE,Shabbat before Pesach,3,Jewish Holidays
Ta'anit Bechorot,15/4/2022,,,,TRUE,Fast of the First Born,3,Jewish Holidays
Erev Pesach,15/4/2022,,,,TRUE,Passover; the Feast of Unleavened Bread,3,Jewish Holidays
Pesach I,16/4/2022,,,,TRUE,Passover; the Feast of Unleavened Bread,4,Jewish Holidays
Pesach II,17/4/2022,,,,TRUE,Passover; the Feast of Unleavened Bread,4,Jewish Holidays
Pesach III (CH''M),18/4/2022,,,,TRUE,Passover; the Feast of Unleavened Bread,3,Jewish Holidays
Pesach IV (CH''M),19/4/2022,,,,TRUE,Passover; the Feast of Unleavened Bread,3,Jewish Holidays
Pesach V (CH''M),20/4/2022,,,,TRUE,Passover; the Feast of Unleavened Bread,3,Jewish Holidays
Pesach VI (CH''M),21/4/2022,,,,TRUE,Passover; the Feast of Unleavened Bread,3,Jewish Holidays
Pesach VII,22/4/2022,,,,TRUE,Passover; the Feast of Unleavened Bread,4,Jewish Holidays
Pesach VIII,23/4/2022,,,,TRUE,Passover; the Feast of Unleavened Bread,4,Jewish Holidays
Yom HaShoah,28/4/2022,,,,TRUE,Holocaust Memorial Day,3,Jewish Holidays
Rosh Chodesh Iyyar,1/5/2022,,,,TRUE,Beginning of new Hebrew month of Iyyar,3,Jewish Holidays
Rosh Chodesh Iyyar,2/5/2022,,,,TRUE,Beginning of new Hebrew month of Iyyar,3,Jewish Holidays
Yom HaZikaron,4/5/2022,,,,TRUE,Israeli Memorial Day,3,Jewish Holidays
Yom HaAtzma'ut,5/5/2022,,,,TRUE,Israeli Independence Day,3,Jewish Holidays
Pesach Sheni,15/5/2022,,,,TRUE,Second Passover; one month after Passover,3,Jewish Holidays
Lag BaOmer,19/5/2022,,,,TRUE,33rd day of counting the Omer,3,Jewish Holidays
Yom Yerushalayim,29/5/2022,,,,TRUE,Jerusalem Day,3,Jewish Holidays
Rosh Chodesh Sivan,31/5/2022,,,,TRUE,Beginning of new Hebrew month of Sivan,3,Jewish Holidays
Erev Shavuot,4/6/2022,,,,TRUE,Festival of Weeks; commemorates the giving of the Torah at Mount Sinai,3,Jewish Holidays
Shavuot I,5/6/2022,,,,TRUE,Festival of Weeks; commemorates the giving of the Torah at Mount Sinai,4,Jewish Holidays
Shavuot II,6/6/2022,,,,TRUE,Festival of Weeks; commemorates the giving of the Torah at Mount Sinai,4,Jewish Holidays
Rosh Chodesh Tamuz,29/6/2022,,,,TRUE,Beginning of new Hebrew month of Tamuz,3,Jewish Holidays
Rosh Chodesh Tamuz,30/6/2022,,,,TRUE,Beginning of new Hebrew month of Tamuz,3,Jewish Holidays
Tzom Tammuz,17/7/2022,,,,TRUE,Fast commemorating breaching of the walls of Jerusalem before the destruction of the Second Temple,3,Jewish Holidays
Rosh Chodesh Av,29/7/2022,,,,TRUE,Beginning of new Hebrew month of Av,3,Jewish Holidays
Shabbat Chazon,6/8/2022,,,,TRUE,Shabbat before Tish'a B'Av (Shabbat of Prophecy/Shabbat of Vision),3,Jewish Holidays
Erev Tish'a B'Av,6/8/2022,,,,TRUE,The Ninth of Av; fast commemorating the destruction of the two Temples,3,Jewish Holidays
Tish'a B'Av,7/8/2022,,,,TRUE,The Ninth of Av; fast commemorating the destruction of the two Temples,3,Jewish Holidays
Tu B'Av,12/8/2022,,,,TRUE,Jewish holiday of love; similar to Valentine's Day,3,Jewish Holidays
Shabbat Nachamu,13/8/2022,,,,TRUE,Shabbat after Tish'a B'Av (Shabbat of Consolation),3,Jewish Holidays
Rosh Chodesh Elul,27/8/2022,,,,TRUE,Beginning of new Hebrew month of Elul,3,Jewish Holidays
Rosh Chodesh Elul,28/8/2022,,,,TRUE,Beginning of new Hebrew month of Elul,3,Jewish Holidays
Leil Selichot,17/9/2022,,,,TRUE,Prayers for forgiveness in preparation for the High Holidays,3,Jewish Holidays
Erev Rosh Hashana,25/9/2022,,,,TRUE,The Jewish New Year,3,Jewish Holidays
Rosh Hashana 5783,26/9/2022,,,,TRUE,The Jewish New Year,4,Jewish Holidays
Rosh Hashana II,27/9/2022,,,,TRUE,The Jewish New Year,4,Jewish Holidays
Tzom Gedaliah,28/9/2022,,,,TRUE,Fast of the Seventh Month; commemorates the assassination of the Jewish governor of Judah,3,Jewish Holidays
Shabbat Shuva,1/10/2022,,,,TRUE,Shabbat that falls between Rosh Hashanah and Yom Kippur (Shabbat of Returning),3,Jewish Holidays
Erev Yom Kippur,4/10/2022,,,,TRUE,Day of Atonement,3,Jewish Holidays
Yom Kippur,5/10/2022,,,,TRUE,Day of Atonement,4,Jewish Holidays
Erev Sukkot,9/10/2022,,,,TRUE,Feast of Tabernacles,3,Jewish Holidays
Sukkot I,10/10/2022,,,,TRUE,Feast of Tabernacles,4,Jewish Holidays
Sukkot II,11/10/2022,,,,TRUE,Feast of Tabernacles,4,Jewish Holidays
Sukkot III (CH''M),12/10/2022,,,,TRUE,Feast of Tabernacles,3,Jewish Holidays
Sukkot IV (CH''M),13/10/2022,,,,TRUE,Feast of Tabernacles,3,Jewish Holidays
Sukkot V (CH''M),14/10/2022,,,,TRUE,Feast of Tabernacles,3,Jewish Holidays
Sukkot VI (CH''M),15/10/2022,,,,TRUE,Feast of Tabernacles,3,Jewish Holidays
Sukkot VII (Hoshana Raba),16/10/2022,,,,TRUE,Feast of Tabernacles,3,Jewish Holidays
Shmini Atzeret,17/10/2022,,,,TRUE,Eighth Day of Assembly,4,Jewish Holidays
Simchat Torah,18/10/2022,,,,TRUE,Day of Celebrating the Torah,4,Jewish Holidays
Rosh Chodesh Cheshvan,25/10/2022,,,,TRUE,Beginning of new Hebrew month of Cheshvan,3,Jewish Holidays
Rosh Chodesh Cheshvan,26/10/2022,,,,TRUE,Beginning of new Hebrew month of Cheshvan,3,Jewish Holidays
Yom HaAliyah,1/11/2022,,,,TRUE,Recognizes Aliyah; immigration to the Jewish State of Israel,3,Jewish Holidays
Sigd,23/11/2022,,,,TRUE,Ethiopian Jewish holiday occurring 50 days after Yom Kippur,3,Jewish Holidays
Rosh Chodesh Kislev,24/11/2022,,,,TRUE,Beginning of new Hebrew month of Kislev,3,Jewish Holidays
Rosh Chodesh Kislev,25/11/2022,,,,TRUE,Beginning of new Hebrew month of Kislev,3,Jewish Holidays
Chanukah: 1 Candle,18/12/2022,,,,TRUE,The Jewish festival of rededication; also known as the Festival of Lights,3,Jewish Holidays
Chanukah: 2 Candles,19/12/2022,,,,TRUE,The Jewish festival of rededication; also known as the Festival of Lights,3,Jewish Holidays
Chanukah: 3 Candles,20/12/2022,,,,TRUE,The Jewish festival of rededication; also known as the Festival of Lights,3,Jewish Holidays
Chanukah: 4 Candles,21/12/2022,,,,TRUE,The Jewish festival of rededication; also known as the Festival of Lights,3,Jewish Holidays
Chanukah: 5 Candles,22/12/2022,,,,TRUE,The Jewish festival of rededication; also known as the Festival of Lights,3,Jewish Holidays
Chanukah: 6 Candles,23/12/2022,,,,TRUE,The Jewish festival of rededication; also known as the Festival of Lights,3,Jewish Holidays
Rosh Chodesh Tevet,24/12/2022,,,,TRUE,Beginning of new Hebrew month of Tevet,3,Jewish Holidays
Chanukah: 7 Candles,24/12/2022,,,,TRUE,The Jewish festival of rededication; also known as the Festival of Lights,3,Jewish Holidays
Rosh Chodesh Tevet,25/12/2022,,,,TRUE,Beginning of new Hebrew month of Tevet,3,Jewish Holidays
Chanukah: 8 Candles,25/12/2022,,,,TRUE,The Jewish festival of rededication; also known as the Festival of Lights,3,Jewish Holidays
Chanukah: 8th Day,26/12/2022,,,,TRUE,The Jewish festival of rededication; also known as the Festival of Lights,3,Jewish Holidays
Asara B'Tevet,3/1/2023,,,,TRUE,Fast commemorating the siege of Jerusalem,3,Jewish Holidays
Rosh Chodesh Sh'vat,23/1/2023,,,,TRUE,Beginning of new Hebrew month of Sh'vat,3,Jewish Holidays
Tu BiShvat,6/2/2023,,,,TRUE,New Year for Trees,3,Jewish Holidays
Shabbat Shekalim,18/2/2023,,,,TRUE,Shabbat before Rosh Chodesh Adar,3,Jewish Holidays
Rosh Chodesh Adar,21/2/2023,,,,TRUE,Beginning of new Hebrew month of Adar,3,Jewish Holidays
Rosh Chodesh Adar,22/2/2023,,,,TRUE,Beginning of new Hebrew month of Adar,3,Jewish Holidays
Shabbat Zachor,4/3/2023,,,,TRUE,Shabbat before Purim,3,Jewish Holidays
Ta'anit Esther,6/3/2023,,,,TRUE,Fast of Esther,3,Jewish Holidays
Erev Purim,6/3/2023,,,,TRUE,Purim is one of the most joyous and fun holidays on the Jewish calendar,3,Jewish Holidays
Purim,7/3/2023,,,,TRUE,Purim is one of the most joyous and fun holidays on the Jewish calendar,3,Jewish Holidays
Shushan Purim,8/3/2023,,,,TRUE,Purim celebrated in Jerusalem and walled cities,3,Jewish Holidays
Shabbat Parah,11/3/2023,,,,TRUE,Shabbat of the Red Heifer,3,Jewish Holidays
Shabbat HaChodesh,18/3/2023,,,,TRUE,Shabbat before Rosh Chodesh Nissan,3,Jewish Holidays
Rosh Chodesh Nisan,23/3/2023,,,,TRUE,Beginning of new Hebrew month of Nisan,3,Jewish Holidays
Shabbat HaGadol,1/4/2023,,,,TRUE,Shabbat before Pesach,3,Jewish Holidays
Ta'anit Bechorot,5/4/2023,,,,TRUE,Fast of the First Born,3,Jewish Holidays
Erev Pesach,5/4/2023,,,,TRUE,Passover; the Feast of Unleavened Bread,3,Jewish Holidays
Pesach I,6/4/2023,,,,TRUE,Passover; the Feast of Unleavened Bread,4,Jewish Holidays
Pesach II,7/4/2023,,,,TRUE,Passover; the Feast of Unleavened Bread,4,Jewish Holidays
Pesach III (CH''M),8/4/2023,,,,TRUE,Passover; the Feast of Unleavened Bread,3,Jewish Holidays
Pesach IV (CH''M),9/4/2023,,,,TRUE,Passover; the Feast of Unleavened Bread,3,Jewish Holidays
Pesach V (CH''M),10/4/2023,,,,TRUE,Passover; the Feast of Unleavened Bread,3,Jewish Holidays
Pesach VI (CH''M),11/4/2023,,,,TRUE,Passover; the Feast of Unleavened Bread,3,Jewish Holidays
Pesach VII,12/4/2023,,,,TRUE,Passover; the Feast of Unleavened Bread,4,Jewish Holidays
Pesach VIII,13/4/2023,,,,TRUE,Passover; the Feast of Unleavened Bread,4,Jewish Holidays
Yom HaShoah,18/4/2023,,,,TRUE,Holocaust Memorial Day,3,Jewish Holidays
Rosh Chodesh Iyyar,21/4/2023,,,,TRUE,Beginning of new Hebrew month of Iyyar,3,Jewish Holidays
Rosh Chodesh Iyyar,22/4/2023,,,,TRUE,Beginning of new Hebrew month of Iyyar,3,Jewish Holidays
Yom HaZikaron,25/4/2023,,,,TRUE,Israeli Memorial Day,3,Jewish Holidays
Yom HaAtzma'ut,26/4/2023,,,,TRUE,Israeli Independence Day,3,Jewish Holidays
Pesach Sheni,5/5/2023,,,,TRUE,Second Passover; one month after Passover,3,Jewish Holidays
Lag BaOmer,9/5/2023,,,,TRUE,33rd day of counting the Omer,3,Jewish Holidays
Yom Yerushalayim,19/5/2023,,,,TRUE,Jerusalem Day,3,Jewish Holidays
Rosh Chodesh Sivan,21/5/2023,,,,TRUE,Beginning of new Hebrew month of Sivan,3,Jewish Holidays
Erev Shavuot,25/5/2023,,,,TRUE,Festival of Weeks; commemorates the giving of the Torah at Mount Sinai,3,Jewish Holidays
Shavuot I,26/5/2023,,,,TRUE,Festival of Weeks; commemorates the giving of the Torah at Mount Sinai,4,Jewish Holidays
Shavuot II,27/5/2023,,,,TRUE,Festival of Weeks; commemorates the giving of the Torah at Mount Sinai,4,Jewish Holidays
Rosh Chodesh Tamuz,19/6/2023,,,,TRUE,Beginning of new Hebrew month of Tamuz,3,Jewish Holidays
Rosh Chodesh Tamuz,20/6/2023,,,,TRUE,Beginning of new Hebrew month of Tamuz,3,Jewish Holidays
Tzom Tammuz,6/7/2023,,,,TRUE,Fast commemorating breaching of the walls of Jerusalem before the destruction of the Second Temple,3,Jewish Holidays
Rosh Chodesh Av,19/7/2023,,,,TRUE,Beginning of new Hebrew month of Av,3,Jewish Holidays
Shabbat Chazon,22/7/2023,,,,TRUE,Shabbat before Tish'a B'Av (Shabbat of Prophecy/Shabbat of Vision),3,Jewish Holidays
Erev Tish'a B'Av,26/7/2023,,,,TRUE,The Ninth of Av; fast commemorating the destruction of the two Temples,3,Jewish Holidays
Tish'a B'Av,27/7/2023,,,,TRUE,The Ninth of Av; fast commemorating the destruction of the two Temples,3,Jewish Holidays
Shabbat Nachamu,29/7/2023,,,,TRUE,Shabbat after Tish'a B'Av (Shabbat of Consolation),3,Jewish Holidays
Tu B'Av,2/8/2023,,,,TRUE,Jewish holiday of love; similar to Valentine's Day,3,Jewish Holidays
Rosh Chodesh Elul,17/8/2023,,,,TRUE,Beginning of new Hebrew month of Elul,3,Jewish Holidays
Rosh Chodesh Elul,18/8/2023,,,,TRUE,Beginning of new Hebrew month of Elul,3,Jewish Holidays
Leil Selichot,9/9/2023,,,,TRUE,Prayers for forgiveness in preparation for the High Holidays,3,Jewish Holidays
Erev Rosh Hashana,15/9/2023,,,,TRUE,The Jewish New Year,3,Jewish Holidays
Rosh Hashana 5784,16/9/2023,,,,TRUE,The Jewish New Year,4,Jewish Holidays
Rosh Hashana II,17/9/2023,,,,TRUE,The Jewish New Year,4,Jewish Holidays
Tzom Gedaliah,18/9/2023,,,,TRUE,Fast of the Seventh Month; commemorates the assassination of the Jewish governor of Judah,3,Jewish Holidays
Shabbat Shuva,23/9/2023,,,,TRUE,Shabbat that falls between Rosh Hashanah and Yom Kippur (Shabbat of Returning),3,Jewish Holidays
Erev Yom Kippur,24/9/2023,,,,TRUE,Day of Atonement,3,Jewish Holidays
Yom Kippur,25/9/2023,,,,TRUE,Day of Atonement,4,Jewish Holidays
Erev Sukkot,29/9/2023,,,,TRUE,Feast of Tabernacles,3,Jewish Holidays
Sukkot I,30/9/2023,,,,TRUE,Feast of Tabernacles,4,Jewish Holidays
Sukkot II,1/10/2023,,,,TRUE,Feast of Tabernacles,4,Jewish Holidays
Sukkot III (CH''M),2/10/2023,,,,TRUE,Feast of Tabernacles,3,Jewish Holidays
Sukkot IV (CH''M),3/10/2023,,,,TRUE,Feast of Tabernacles,3,Jewish Holidays
Sukkot V (CH''M),4/10/2023,,,,TRUE,Feast of Tabernacles,3,Jewish Holidays
Sukkot VI (CH''M),5/10/2023,,,,TRUE,Feast of Tabernacles,3,Jewish Holidays
Sukkot VII (Hoshana Raba),6/10/2023,,,,TRUE,Feast of Tabernacles,3,Jewish Holidays
Shmini Atzeret,7/10/2023,,,,TRUE,Eighth Day of Assembly,4,Jewish Holidays
Simchat Torah,8/10/2023,,,,TRUE,Day of Celebrating the Torah,4,Jewish Holidays
Rosh Chodesh Cheshvan,15/10/2023,,,,TRUE,Beginning of new Hebrew month of Cheshvan,3,Jewish Holidays
Rosh Chodesh Cheshvan,16/10/2023,,,,TRUE,Beginning of new Hebrew month of Cheshvan,3,Jewish Holidays
Yom HaAliyah,22/10/2023,,,,TRUE,Recognizes Aliyah; immigration to the Jewish State of Israel,3,Jewish Holidays
Sigd,13/11/2023,,,,TRUE,Ethiopian Jewish holiday occurring 50 days after Yom Kippur,3,Jewish Holidays
Rosh Chodesh Kislev,14/11/2023,,,,TRUE,Beginning of new Hebrew month of Kislev,3,Jewish Holidays
Chanukah: 1 Candle,7/12/2023,,,,TRUE,The Jewish festival of rededication; also known as the Festival of Lights,3,Jewish Holidays
Chanukah: 2 Candles,8/12/2023,,,,TRUE,The Jewish festival of rededication; also known as the Festival of Lights,3,Jewish Holidays
Chanukah: 3 Candles,9/12/2023,,,,TRUE,The Jewish festival of rededication; also known as the Festival of Lights,3,Jewish Holidays
Chanukah: 4 Candles,10/12/2023,,,,TRUE,The Jewish festival of rededication; also known as the Festival of Lights,3,Jewish Holidays
Chanukah: 5 Candles,11/12/2023,,,,TRUE,The Jewish festival of rededication; also known as the Festival of Lights,3,Jewish Holidays
Chanukah: 6 Candles,12/12/2023,,,,TRUE,The Jewish festival of rededication; also known as the Festival of Lights,3,Jewish Holidays
Rosh Chodesh Tevet,13/12/2023,,,,TRUE,Beginning of new Hebrew month of Tevet,3,Jewish Holidays
Chanukah: 7 Candles,13/12/2023,,,,TRUE,The Jewish festival of rededication; also known as the Festival of Lights,3,Jewish Holidays
Chanukah: 8 Candles,14/12/2023,,,,TRUE,The Jewish festival of rededication; also known as the Festival of Lights,3,Jewish Holidays
Chanukah: 8th Day,15/12/2023,,,,TRUE,The Jewish festival of rededication; also known as the Festival of Lights,3,Jewish Holidays
Asara B'Tevet,22/12/2023,,,,TRUE,Fast commemorating the siege of Jerusalem,3,Jewish Holidays
